<?xml version="1.0" encoding="UTF-8"?>
<articles>
    <article>
        <title>Mata Minus 0.50 Artinya Apa? Ini Penjelasannya</title>
        <link>./article1.php</link>
        <image>https://blue.kumparan.com/image/upload/fl_progressive,fl_lossy,c_fill,q_auto:best,w_640/v1634025439/01jtj46x0f52732e05ceqg35pn.jpg</image>
        <category>Kesehatan</category>
        <date>2024-05-14</date>
    </article>
    <article>
        <title>Sejak Kapan Ada Cuti Bersama di Indonesia? Simak Sejarahnya!</title>
        <link>./article2.php</link>
        <image>https://akcdn.detik.net.id/community/media/visual/2024/10/22/ilustrasi-kalender-atau-cuti-bersama_169.jpeg?w=700&q=90</image>
        <category>Sejarah</category>
        <date>2024-05-13</date>
    </article>
    <article>
        <title>Harga Resmi Samsung Galaxy S25 Edge, Cek Spek HP Pembunuh iPhone 16</title>
        <link>./article3.php</link>
        <image>https://akcdn.detik.net.id/visual/2025/05/13/prototipe-samsung-galaxy-s25-edge-dipamerkan-di-tempat-samsung-pada-pameran-dagang-mobile-world-congress-di-barcelona-spanyol--1747098079980_169.png?w=900&q=80</image>
        <category>Teknologi</category>
        <date>2025-05-13</date>
    </article>
    <article>
        <title>Motorola Razr 60 Ultra Resmi, HP Lipat dengan Fast Charging 68W</title>
        <link>./article4.php</link>
        <image>https://asset.kompas.com/crops/FPy3iAPucoTU0JiQL_aCtmPEVEs=/43x77:1143x810/1200x800/data/photo/2025/04/25/680add378ee7a.png</image>
        <category>Teknologi</category>
        <date>2025-05-14</date>
    </article>
    <article>
        <title>Beli Produk Huawei Langsung Jadi Musuh Amerika, Teror Trump Menggila</title>
        <link>./article5.php</link>
        <image>https://akcdn.detik.net.id/visual/2025/04/13/usa-trump-1744523603291_169.jpeg?w=900&q=80</image>
        <category>Teknologi</category>
        <date>2025-05-15</date>
    </article>
    <article>
        <title>Video: Hands-on HP Lipat Tiga Huawei Mate XT Ultimate</title>
        <link>./article6.php</link>
        <image>https://asset.kompas.com/crops/SSKVNYFzXAowQICT6k2M38jmkwA=/368x441:3568x2575/1200x800/data/photo/2025/04/30/6811da676875e.jpeg</image>
        <category>Kategori 5</category>
        <date>2025-05-15</date>
    </article>
    <article>
        <title>Video: Hands-on HP Lipat Tiga Huawei Mate XT Ultimate</title>
        <link>./article7.php</link>
        <image>https://asset.kompas.com/crops/SSKVNYFzXAowQICT6k2M38jmkwA=/368x441:3568x2575/1200x800/data/photo/2025/04/30/6811da676875e.jpeg</image>
        <category>Kategori 5</category>
        <date>2025-05-15</date>
    </article>    
    <article>
        <title>Video: Hands-on HP Lipat Tiga Huawei Mate XT Ultimate</title>
        <link>./article8.php</link>
        <image>https://asset.kompas.com/crops/SSKVNYFzXAowQICT6k2M38jmkwA=/368x441:3568x2575/1200x800/data/photo/2025/04/30/6811da676875e.jpeg</image>
        <category>Kategori 5</category>
        <date>2025-05-15</date>
    </article>
</articles>