<?xml version="1.0" encoding="UTF-8"?>
<article>
    <title>Mata Minus 0.50 Artinya Apa? Ini Penjelasannya</title>
    
    <informationBar>
        <user><name>Putra Nur</name></user>
        <calendar><date>4 MARCH 2025</date></calendar>
        <clock><time>06:00</time></clock>
    </informationBar>
    
    <content>
        <section>
            <image src="https://blue.kumparan.com/image/upload/fl_progressive,fl_lossy,c_fill,q_auto:best,w_640/v1634025439/01jtj46x0f52732e05ceqg35pn.jpg" alt="Image 1"/>
            <paragraph>Masalah penglihatan seperti rabun jauh (miopia) atau mata minus dapat dialami oleh siapa pun, baik anak-anak maupun orang dewasa.</paragraph>
            <paragraph>Karena itu memahami arti dari angka minus yang tertera di resep kacamata menjadi penting. Salah satu contohnya adalah mata minus 0.50. Apa sebenarnya arti dari kondisi ini?</paragraph>
            <paragraph>Jika memiliki mata minus 0.50, artinya seseorang mengalami rabun jauh yang sangat ringan. Simak penjelasan lebih lengkap seputar mata minus 0.50 di bawah ini.</paragraph>
           
        </section>
    
        
        <subsection>
            <title>Arti Mata Minus 0.50</title>
            <image src="https://blue.kumparan.com/image/upload/fl_progressive,fl_lossy,c_fill,q_auto:best,w_640/v1634025439/01jtj47q49935t2jn3zhcb8cwq.jpg" alt="Flanatomy"/>
            <paragraph>Dikutip dari Mayo Clinic, mata minus adalah kondisi ketika cahaya yang masuk ke mata difokuskan di depan retina, bukan tepat di atas retina. Akibatnya, objek yang jauh akan tampak buram, sementara objek dekat masih terlihat jelas.</paragraph>
            <paragraph>Miopia diukur dalam dioptri (D), dan nilai minus menunjukkan seberapa kuat lensa korektif yang dibutuhkan. Semakin besar angka minusnya, semakin berat kondisi rabun jauh seseorang.</paragraph>
        </subsection>
    </content>
</article>
